train_ml_data_dir,val_ml_data_dir,model_outdir,hyperparam_space,epochs,batch_size,raw_max_lr,dropout,run_id,val_loss
/tmp/weaverr/Data/imbalanced-data/gCSI/male_ml_data,/tmp/weaverr/Data/imbalanced-data/gCSI/male_ml_data,./out_model,global,200,1024,0.0004067527647770828,0.440961440466271,run_01_001_0021,0.10846182401960786
/tmp/weaverr/Data/imbalanced-data/gCSI/male_ml_data,/tmp/weaverr/Data/imbalanced-data/gCSI/male_ml_data,./out_model,global,200,256,8.99752210253522e-05,0.32763469208109314,run_01_001_0035,0.10795859599240458
/tmp/weaverr/Data/imbalanced-data/gCSI/male_ml_data,/tmp/weaverr/Data/imbalanced-data/gCSI/male_ml_data,./out_model,global,200,512,0.00017253973277659286,0.18518347871911522,run_01_001_0028,0.10846182401960786
/tmp/weaverr/Data/imbalanced-data/gCSI/male_ml_data,/tmp/weaverr/Data/imbalanced-data/gCSI/male_ml_data,./out_model,global,200,1024,0.00047706088474711847,0.10075364460300679,run_01_001_0032,0.10846182401960786
/tmp/weaverr/Data/imbalanced-data/gCSI/male_ml_data,/tmp/weaverr/Data/imbalanced-data/gCSI/male_ml_data,./out_model,global,200,64,0.00010500388388310042,0.23077386974730357,run_01_001_0026,0.021642812469797
/tmp/weaverr/Data/imbalanced-data/gCSI/male_ml_data,/tmp/weaverr/Data/imbalanced-data/gCSI/male_ml_data,./out_model,global,200,16,0.0002856274314758955,0.3359212204062776,run_01_001_0043,0.020505788759029506
/tmp/weaverr/Data/imbalanced-data/gCSI/male_ml_data,/tmp/weaverr/Data/imbalanced-data/gCSI/male_ml_data,./out_model,global,200,64,0.0008961274317273931,0.21226135050370204,run_01_001_0031,0.10846182401960786
/tmp/weaverr/Data/imbalanced-data/gCSI/male_ml_data,/tmp/weaverr/Data/imbalanced-data/gCSI/male_ml_data,./out_model,global,200,2048,0.000542587091487469,0.46234944290795366,run_01_001_0027,0.10846182401960786
/tmp/weaverr/Data/imbalanced-data/gCSI/male_ml_data,/tmp/weaverr/Data/imbalanced-data/gCSI/male_ml_data,./out_model,global,200,256,0.0008608643713490444,0.241597866808546,run_01_001_0000,0.10846182401960786
/tmp/weaverr/Data/imbalanced-data/gCSI/male_ml_data,/tmp/weaverr/Data/imbalanced-data/gCSI/male_ml_data,./out_model,global,200,64,0.0006597680815663652,0.3166510855311094,run_01_001_0018,0.10846182401960786
/tmp/weaverr/Data/imbalanced-data/gCSI/male_ml_data,/tmp/weaverr/Data/imbalanced-data/gCSI/male_ml_data,./out_model,global,200,256,9.44845495292102e-05,0.322045756119433,run_01_001_0042,0.10833954512937172
/tmp/weaverr/Data/imbalanced-data/gCSI/male_ml_data,/tmp/weaverr/Data/imbalanced-data/gCSI/male_ml_data,./out_model,global,200,8,0.0004212786882411245,0.1845940829435272,run_01_001_0020,0.014350828307140281
/tmp/weaverr/Data/imbalanced-data/gCSI/male_ml_data,/tmp/weaverr/Data/imbalanced-data/gCSI/male_ml_data,./out_model,global,200,64,0.0006937796710811146,0.3598968668128594,run_01_001_0023,0.10846182401960786
/tmp/weaverr/Data/imbalanced-data/gCSI/male_ml_data,/tmp/weaverr/Data/imbalanced-data/gCSI/male_ml_data,./out_model,global,200,1024,0.0006289075304667536,0.2788742594037206,run_01_001_0010,0.10846182401960786
/tmp/weaverr/Data/imbalanced-data/gCSI/male_ml_data,/tmp/weaverr/Data/imbalanced-data/gCSI/male_ml_data,./out_model,global,200,64,0.0003325172775647134,0.3173082428539022,run_01_001_0004,0.019932407542355483
/tmp/weaverr/Data/imbalanced-data/gCSI/male_ml_data,/tmp/weaverr/Data/imbalanced-data/gCSI/male_ml_data,./out_model,global,200,512,0.0009273647976113848,0.2855594510763358,run_01_001_0024,0.10846182401960786
/tmp/weaverr/Data/imbalanced-data/gCSI/male_ml_data,/tmp/weaverr/Data/imbalanced-data/gCSI/male_ml_data,./out_model,global,200,512,0.0006263055386664297,0.07067296670854817,run_01_001_0003,0.10846182401960786
/tmp/weaverr/Data/imbalanced-data/gCSI/male_ml_data,/tmp/weaverr/Data/imbalanced-data/gCSI/male_ml_data,./out_model,global,200,16,0.0006754016663813688,0.11368948810303392,run_01_001_0046,0.01644545081459412
/tmp/weaverr/Data/imbalanced-data/gCSI/male_ml_data,/tmp/weaverr/Data/imbalanced-data/gCSI/male_ml_data,./out_model,global,200,2048,0.00012567310060591173,0.3804668466457586,run_01_001_0025,0.10846182401960786
/tmp/weaverr/Data/imbalanced-data/gCSI/male_ml_data,/tmp/weaverr/Data/imbalanced-data/gCSI/male_ml_data,./out_model,global,200,128,0.000485262893930785,0.4044286747780444,run_01_001_0041,0.10846182401960786
/tmp/weaverr/Data/imbalanced-data/gCSI/male_ml_data,/tmp/weaverr/Data/imbalanced-data/gCSI/male_ml_data,./out_model,global,200,128,0.000495403395906718,0.45370824012561767,run_01_001_0022,0.10846182401960786
/tmp/weaverr/Data/imbalanced-data/gCSI/male_ml_data,/tmp/weaverr/Data/imbalanced-data/gCSI/male_ml_data,./out_model,global,200,2048,5.7038204480493185e-05,0.48123748010076933,run_01_001_0016,0.10846179841459719
/tmp/weaverr/Data/imbalanced-data/gCSI/male_ml_data,/tmp/weaverr/Data/imbalanced-data/gCSI/male_ml_data,./out_model,global,200,256,0.00022895371122015257,0.4992948981273578,run_01_001_0014,0.10846182401960786
/tmp/weaverr/Data/imbalanced-data/gCSI/male_ml_data,/tmp/weaverr/Data/imbalanced-data/gCSI/male_ml_data,./out_model,global,200,1024,0.00015356957331782179,0.3588419233953502,run_01_001_0038,0.10846182401960786
/tmp/weaverr/Data/imbalanced-data/gCSI/male_ml_data,/tmp/weaverr/Data/imbalanced-data/gCSI/male_ml_data,./out_model,global,200,1024,0.0009534117616769322,0.1130400546412314,run_01_001_0044,0.10846182401960786
/tmp/weaverr/Data/imbalanced-data/gCSI/male_ml_data,/tmp/weaverr/Data/imbalanced-data/gCSI/male_ml_data,./out_model,global,200,256,0.000719191031532628,0.10703355058691527,run_01_001_0049,0.10846182401960786
/tmp/weaverr/Data/imbalanced-data/gCSI/male_ml_data,/tmp/weaverr/Data/imbalanced-data/gCSI/male_ml_data,./out_model,global,200,2048,0.0006508152506424495,0.10943700539554396,run_01_001_0040,0.10846182401960786
/tmp/weaverr/Data/imbalanced-data/gCSI/male_ml_data,/tmp/weaverr/Data/imbalanced-data/gCSI/male_ml_data,./out_model,global,200,128,0.0002081814182542212,0.3776680951535415,run_01_001_0048,0.10776621196665703
/tmp/weaverr/Data/imbalanced-data/gCSI/male_ml_data,/tmp/weaverr/Data/imbalanced-data/gCSI/male_ml_data,./out_model,global,200,512,0.00036442841450507,0.24678908488878282,run_01_001_0029,0.10846182401960786
/tmp/weaverr/Data/imbalanced-data/gCSI/male_ml_data,/tmp/weaverr/Data/imbalanced-data/gCSI/male_ml_data,./out_model,global,200,32,0.0002645337762931898,0.1444601913926729,run_01_001_0007,0.026516761827052326
/tmp/weaverr/Data/imbalanced-data/gCSI/male_ml_data,/tmp/weaverr/Data/imbalanced-data/gCSI/male_ml_data,./out_model,global,200,1024,0.0005759286290085759,0.4764770894122127,run_01_001_0012,0.10846182401960786
/tmp/weaverr/Data/imbalanced-data/gCSI/male_ml_data,/tmp/weaverr/Data/imbalanced-data/gCSI/male_ml_data,./out_model,global,200,32,0.000704316920102321,0.10136915852575507,run_01_001_0009,0.014714732875972403
/tmp/weaverr/Data/imbalanced-data/gCSI/male_ml_data,/tmp/weaverr/Data/imbalanced-data/gCSI/male_ml_data,./out_model,global,200,128,0.0005341708158673631,0.035990132992947066,run_01_001_0030,0.10846182401960786
/tmp/weaverr/Data/imbalanced-data/gCSI/male_ml_data,/tmp/weaverr/Data/imbalanced-data/gCSI/male_ml_data,./out_model,global,200,16,0.0009015195165256893,0.2433280139361545,run_01_001_0047,0.01998223492518837
/tmp/weaverr/Data/imbalanced-data/gCSI/male_ml_data,/tmp/weaverr/Data/imbalanced-data/gCSI/male_ml_data,./out_model,global,200,8,0.000509077087474868,0.21356494408840732,run_01_001_0006,0.015069250693579356
/tmp/weaverr/Data/imbalanced-data/gCSI/male_ml_data,/tmp/weaverr/Data/imbalanced-data/gCSI/male_ml_data,./out_model,global,200,16,8.130122125309504e-05,0.01638764930002401,run_01_001_0008,0.009017404579703708
/tmp/weaverr/Data/imbalanced-data/gCSI/male_ml_data,/tmp/weaverr/Data/imbalanced-data/gCSI/male_ml_data,./out_model,global,200,512,0.0003631010438856641,0.3197313710041047,run_01_001_0036,0.10846182401960786
/tmp/weaverr/Data/imbalanced-data/gCSI/male_ml_data,/tmp/weaverr/Data/imbalanced-data/gCSI/male_ml_data,./out_model,global,200,512,0.0004918382290272941,0.07635481507664349,run_01_001_0037,0.10846182401960786
/tmp/weaverr/Data/imbalanced-data/gCSI/male_ml_data,/tmp/weaverr/Data/imbalanced-data/gCSI/male_ml_data,./out_model,global,200,8,0.00035211057168343284,0.167158490474681,run_01_001_0013,0.018118175169358697
/tmp/weaverr/Data/imbalanced-data/gCSI/male_ml_data,/tmp/weaverr/Data/imbalanced-data/gCSI/male_ml_data,./out_model,global,200,32,0.00012795873492791625,0.3151025904752104,run_01_001_0017,0.024404021638991972
/tmp/weaverr/Data/imbalanced-data/gCSI/male_ml_data,/tmp/weaverr/Data/imbalanced-data/gCSI/male_ml_data,./out_model,global,200,32,0.00018473253796692752,0.26301930489366226,run_01_001_0039,0.022766030049798748
/tmp/weaverr/Data/imbalanced-data/gCSI/male_ml_data,/tmp/weaverr/Data/imbalanced-data/gCSI/male_ml_data,./out_model,global,200,256,0.0009976543094326624,0.24359365026677615,run_01_001_0011,0.10846182401960786
/tmp/weaverr/Data/imbalanced-data/gCSI/male_ml_data,/tmp/weaverr/Data/imbalanced-data/gCSI/male_ml_data,./out_model,global,200,512,0.0006264335678518015,0.402614355771057,run_01_001_0002,0.10846182401960786
/tmp/weaverr/Data/imbalanced-data/gCSI/male_ml_data,/tmp/weaverr/Data/imbalanced-data/gCSI/male_ml_data,./out_model,global,200,8,0.0006552503343889658,0.34858134635082527,run_01_001_0001,0.027790536155862383
/tmp/weaverr/Data/imbalanced-data/gCSI/male_ml_data,/tmp/weaverr/Data/imbalanced-data/gCSI/male_ml_data,./out_model,global,200,128,0.00020690524596340525,0.43284395495640854,run_01_001_0015,0.10824804517973606
/tmp/weaverr/Data/imbalanced-data/gCSI/male_ml_data,/tmp/weaverr/Data/imbalanced-data/gCSI/male_ml_data,./out_model,global,200,32,0.0008662973930351414,0.19466736992489242,run_01_001_0019,0.10836561356350671
/tmp/weaverr/Data/imbalanced-data/gCSI/male_ml_data,/tmp/weaverr/Data/imbalanced-data/gCSI/male_ml_data,./out_model,global,200,16,0.000963521270934123,0.2967273650638598,run_01_001_0005,0.03046742795893969
/tmp/weaverr/Data/imbalanced-data/gCSI/male_ml_data,/tmp/weaverr/Data/imbalanced-data/gCSI/male_ml_data,./out_model,global,200,128,0.00015818704043981947,0.3376575334467429,run_01_001_0045,0.10717895732553384
/tmp/weaverr/Data/imbalanced-data/gCSI/male_ml_data,/tmp/weaverr/Data/imbalanced-data/gCSI/male_ml_data,./out_model,global,200,1024,0.0001652877912139264,0.13277221998782485,run_01_001_0034,0.10846182401960786
/tmp/weaverr/Data/imbalanced-data/gCSI/male_ml_data,/tmp/weaverr/Data/imbalanced-data/gCSI/male_ml_data,./out_model,global,200,16,0.0003532796635597197,0.02835217100064752,run_01_001_0033,0.015248462028189835
/tmp/weaverr/Data/imbalanced-data/gCSI/male_ml_data,/tmp/weaverr/Data/imbalanced-data/gCSI/male_ml_data,./out_model,global,200,128,0.001,0.5,run_01_002_0018,0.10846182401960786
/tmp/weaverr/Data/imbalanced-data/gCSI/male_ml_data,/tmp/weaverr/Data/imbalanced-data/gCSI/male_ml_data,./out_model,global,200,1024,0.001,0.1130400546412314,run_01_002_0007,0.10846182401960786
/tmp/weaverr/Data/imbalanced-data/gCSI/male_ml_data,/tmp/weaverr/Data/imbalanced-data/gCSI/male_ml_data,./out_model,global,200,512,0.0006264335678518015,0.402614355771057,run_01_002_0019,0.10846182401960786
/tmp/weaverr/Data/imbalanced-data/gCSI/male_ml_data,/tmp/weaverr/Data/imbalanced-data/gCSI/male_ml_data,./out_model,global,200,32,0.001,0.09753943340106629,run_01_002_0020,0.10846182401960786
/tmp/weaverr/Data/imbalanced-data/gCSI/male_ml_data,/tmp/weaverr/Data/imbalanced-data/gCSI/male_ml_data,./out_model,global,200,2048,5.7038204480493185e-05,0.48123748010076933,run_01_002_0013,0.10846182401960786
/tmp/weaverr/Data/imbalanced-data/gCSI/male_ml_data,/tmp/weaverr/Data/imbalanced-data/gCSI/male_ml_data,./out_model,global,200,1024,0.0004067527647770828,0.440961440466271,run_01_002_0008,0.10846182401960786
/tmp/weaverr/Data/imbalanced-data/gCSI/male_ml_data,/tmp/weaverr/Data/imbalanced-data/gCSI/male_ml_data,./out_model,global,200,128,0.0008608643713490444,0.25694603024587337,run_01_002_0004,0.10846182401960786
/tmp/weaverr/Data/imbalanced-data/gCSI/male_ml_data,/tmp/weaverr/Data/imbalanced-data/gCSI/male_ml_data,./out_model,global,200,256,1e-08,0.49546553184984105,run_01_002_0024,0.03739730411776594
/tmp/weaverr/Data/imbalanced-data/gCSI/male_ml_data,/tmp/weaverr/Data/imbalanced-data/gCSI/male_ml_data,./out_model,global,200,8,0.0004212786882411245,0.2967273650638598,run_01_002_0001,0.016926398937813787
/tmp/weaverr/Data/imbalanced-data/gCSI/male_ml_data,/tmp/weaverr/Data/imbalanced-data/gCSI/male_ml_data,./out_model,global,200,512,0.0006263055386664297,0.07067296670854817,run_01_002_0003,0.10846182401960786
/tmp/weaverr/Data/imbalanced-data/gCSI/male_ml_data,/tmp/weaverr/Data/imbalanced-data/gCSI/male_ml_data,./out_model,global,200,256,1e-08,0.30260612689484706,run_01_002_0017,0.01891061044286262
/tmp/weaverr/Data/imbalanced-data/gCSI/male_ml_data,/tmp/weaverr/Data/imbalanced-data/gCSI/male_ml_data,./out_model,global,200,128,1e-08,0.2690426456343632,run_01_002_0023,0.015891142210894268
/tmp/weaverr/Data/imbalanced-data/gCSI/male_ml_data,/tmp/weaverr/Data/imbalanced-data/gCSI/male_ml_data,./out_model,global,200,64,0.0003325172775647134,0.3173082428539022,run_01_002_0021,0.04217758177143033
/tmp/weaverr/Data/imbalanced-data/gCSI/male_ml_data,/tmp/weaverr/Data/imbalanced-data/gCSI/male_ml_data,./out_model,global,200,32,0.0009922773382029634,0.10789736002164677,run_01_002_0000,0.10846172495564792
/tmp/weaverr/Data/imbalanced-data/gCSI/male_ml_data,/tmp/weaverr/Data/imbalanced-data/gCSI/male_ml_data,./out_model,global,200,8,0.0004212786882411245,0.1845940829435272,run_01_002_0014,0.01432773873523936
/tmp/weaverr/Data/imbalanced-data/gCSI/male_ml_data,/tmp/weaverr/Data/imbalanced-data/gCSI/male_ml_data,./out_model,global,200,256,1e-08,0.2838043203564884,run_01_002_0010,0.015926872419432553
/tmp/weaverr/Data/imbalanced-data/gCSI/male_ml_data,/tmp/weaverr/Data/imbalanced-data/gCSI/male_ml_data,./out_model,global,200,64,0.0006937796710811146,0.241597866808546,run_01_002_0016,0.10846182401960786
/tmp/weaverr/Data/imbalanced-data/gCSI/male_ml_data,/tmp/weaverr/Data/imbalanced-data/gCSI/male_ml_data,./out_model,global,200,512,1e-08,0.49014559577380507,run_01_002_0022,0.03647758002368572
/tmp/weaverr/Data/imbalanced-data/gCSI/male_ml_data,/tmp/weaverr/Data/imbalanced-data/gCSI/male_ml_data,./out_model,global,200,1024,0.001,0.478823818226503,run_01_002_0006,0.10846182401960786
/tmp/weaverr/Data/imbalanced-data/gCSI/male_ml_data,/tmp/weaverr/Data/imbalanced-data/gCSI/male_ml_data,./out_model,global,200,2048,0.001,0.5,run_01_002_0002,0.10846182401960786
/tmp/weaverr/Data/imbalanced-data/gCSI/male_ml_data,/tmp/weaverr/Data/imbalanced-data/gCSI/male_ml_data,./out_model,global,200,512,0.00047706088474711847,0.12625093462653145,run_01_002_0015,0.10846182401960786
/tmp/weaverr/Data/imbalanced-data/gCSI/male_ml_data,/tmp/weaverr/Data/imbalanced-data/gCSI/male_ml_data,./out_model,global,200,2048,1e-08,0.20945012556041376,run_01_002_0005,0.02708958429583017
/tmp/weaverr/Data/imbalanced-data/gCSI/male_ml_data,/tmp/weaverr/Data/imbalanced-data/gCSI/male_ml_data,./out_model,global,200,128,1e-08,0.3631830275700568,run_01_002_0011,0.02664956263105763
/tmp/weaverr/Data/imbalanced-data/gCSI/male_ml_data,/tmp/weaverr/Data/imbalanced-data/gCSI/male_ml_data,./out_model,global,200,128,1e-08,0.08629753337732418,run_01_002_0012,0.011920268345378128
/tmp/weaverr/Data/imbalanced-data/gCSI/male_ml_data,/tmp/weaverr/Data/imbalanced-data/gCSI/male_ml_data,./out_model,global,200,128,1e-08,0.3776680951535415,run_01_002_0009,0.0238934203966716
/tmp/weaverr/Data/imbalanced-data/gCSI/male_ml_data,/tmp/weaverr/Data/imbalanced-data/gCSI/male_ml_data,./out_model,global,200,64,0.0009015195165256893,0.22859531762646565,run_01_003_0023,0.10846182401960786
/tmp/weaverr/Data/imbalanced-data/gCSI/male_ml_data,/tmp/weaverr/Data/imbalanced-data/gCSI/male_ml_data,./out_model,global,200,128,1e-08,0.3279542950156468,run_01_003_0018,0.02707094422782515
/tmp/weaverr/Data/imbalanced-data/gCSI/male_ml_data,/tmp/weaverr/Data/imbalanced-data/gCSI/male_ml_data,./out_model,global,200,256,1e-08,0.30260612689484706,run_01_003_0013,0.019287602998912454
/tmp/weaverr/Data/imbalanced-data/gCSI/male_ml_data,/tmp/weaverr/Data/imbalanced-data/gCSI/male_ml_data,./out_model,global,200,256,1e-08,0.3197313710041047,run_01_003_0007,0.021804479021424822
/tmp/weaverr/Data/imbalanced-data/gCSI/male_ml_data,/tmp/weaverr/Data/imbalanced-data/gCSI/male_ml_data,./out_model,global,200,256,1e-08,0.32147259756536134,run_01_003_0020,0.017958953805093422
/tmp/weaverr/Data/imbalanced-data/gCSI/male_ml_data,/tmp/weaverr/Data/imbalanced-data/gCSI/male_ml_data,./out_model,global,200,2048,0.001,0.48585415320485187,run_01_003_0017,0.10846182401960786
/tmp/weaverr/Data/imbalanced-data/gCSI/male_ml_data,/tmp/weaverr/Data/imbalanced-data/gCSI/male_ml_data,./out_model,global,200,512,0.001,0.05253859493173407,run_01_003_0010,0.10846182401960786
/tmp/weaverr/Data/imbalanced-data/gCSI/male_ml_data,/tmp/weaverr/Data/imbalanced-data/gCSI/male_ml_data,./out_model,global,200,128,0.001,0.30260612689484706,run_01_003_0024,0.10846182401960786
/tmp/weaverr/Data/imbalanced-data/gCSI/male_ml_data,/tmp/weaverr/Data/imbalanced-data/gCSI/male_ml_data,./out_model,global,200,64,0.001,0.24389580544365178,run_01_003_0003,0.10846182401960786
/tmp/weaverr/Data/imbalanced-data/gCSI/male_ml_data,/tmp/weaverr/Data/imbalanced-data/gCSI/male_ml_data,./out_model,global,200,128,0.00020690524596340525,0.43284395495640854,run_01_003_0014,0.10570003761068182
/tmp/weaverr/Data/imbalanced-data/gCSI/male_ml_data,/tmp/weaverr/Data/imbalanced-data/gCSI/male_ml_data,./out_model,global,200,512,0.00012567310060591173,0.3804668466457586,run_01_003_0011,0.10846182401960786
/tmp/weaverr/Data/imbalanced-data/gCSI/male_ml_data,/tmp/weaverr/Data/imbalanced-data/gCSI/male_ml_data,./out_model,global,200,2048,1e-08,0.19135751145060095,run_01_003_0021,0.03645852537393721
/tmp/weaverr/Data/imbalanced-data/gCSI/male_ml_data,/tmp/weaverr/Data/imbalanced-data/gCSI/male_ml_data,./out_model,global,200,128,1e-08,0.2838043203564884,run_01_003_0004,0.01851210190470861
/tmp/weaverr/Data/imbalanced-data/gCSI/male_ml_data,/tmp/weaverr/Data/imbalanced-data/gCSI/male_ml_data,./out_model,global,200,256,1e-08,0.27869091761806697,run_01_003_0001,0.01560694911256864
/tmp/weaverr/Data/imbalanced-data/gCSI/male_ml_data,/tmp/weaverr/Data/imbalanced-data/gCSI/male_ml_data,./out_model,global,200,128,0.001,0.27491655947213517,run_01_003_0022,0.5596039808823529
/tmp/weaverr/Data/imbalanced-data/gCSI/male_ml_data,/tmp/weaverr/Data/imbalanced-data/gCSI/male_ml_data,./out_model,global,200,512,0.001,0.43583767965593573,run_01_003_0006,0.10846182401960786
/tmp/weaverr/Data/imbalanced-data/gCSI/male_ml_data,/tmp/weaverr/Data/imbalanced-data/gCSI/male_ml_data,./out_model,global,200,1024,0.0001652877912139264,0.10789736002164677,run_01_003_0002,0.10846182401960786
/tmp/weaverr/Data/imbalanced-data/gCSI/male_ml_data,/tmp/weaverr/Data/imbalanced-data/gCSI/male_ml_data,./out_model,global,200,8,0.00020690524596340525,0.2967273650638598,run_01_003_0016,0.02430579156373063
/tmp/weaverr/Data/imbalanced-data/gCSI/male_ml_data,/tmp/weaverr/Data/imbalanced-data/gCSI/male_ml_data,./out_model,global,200,256,0.00020690524596340525,0.43284395495640854,run_01_003_0005,0.10846182401960786
/tmp/weaverr/Data/imbalanced-data/gCSI/male_ml_data,/tmp/weaverr/Data/imbalanced-data/gCSI/male_ml_data,./out_model,global,200,128,0.0004212786882411245,0.2967273650638598,run_01_003_0012,0.10846182401960786
/tmp/weaverr/Data/imbalanced-data/gCSI/male_ml_data,/tmp/weaverr/Data/imbalanced-data/gCSI/male_ml_data,./out_model,global,200,512,0.001,0.3607835183877665,run_01_003_0015,0.10846182401960786
/tmp/weaverr/Data/imbalanced-data/gCSI/male_ml_data,/tmp/weaverr/Data/imbalanced-data/gCSI/male_ml_data,./out_model,global,200,512,0.001,0.5,run_01_003_0019,0.10846182401960786
/tmp/weaverr/Data/imbalanced-data/gCSI/male_ml_data,/tmp/weaverr/Data/imbalanced-data/gCSI/male_ml_data,./out_model,global,200,256,1e-08,0.30260612689484706,run_01_003_0000,0.015870802140062572
/tmp/weaverr/Data/imbalanced-data/gCSI/male_ml_data,/tmp/weaverr/Data/imbalanced-data/gCSI/male_ml_data,./out_model,global,200,32,1e-08,0.03827823018107041,run_01_003_0009,0.011207311105531992
/tmp/weaverr/Data/imbalanced-data/gCSI/male_ml_data,/tmp/weaverr/Data/imbalanced-data/gCSI/male_ml_data,./out_model,global,200,8,1e-08,0.21263926896334626,run_01_003_0008,0.016996709185558307
/tmp/weaverr/Data/imbalanced-data/gCSI/male_ml_data,/tmp/weaverr/Data/imbalanced-data/gCSI/male_ml_data,./out_model,global,200,64,0.001,0.26991345949674783,run_01_004_0018,0.10846182401960786
/tmp/weaverr/Data/imbalanced-data/gCSI/male_ml_data,/tmp/weaverr/Data/imbalanced-data/gCSI/male_ml_data,./out_model,global,200,16,0.0004212786882411245,0.1845940829435272,run_01_004_0020,0.015830163988282568
/tmp/weaverr/Data/imbalanced-data/gCSI/male_ml_data,/tmp/weaverr/Data/imbalanced-data/gCSI/male_ml_data,./out_model,global,200,16,0.0003532796635597197,0.04877163573856841,run_01_004_0013,0.01657221837024499
/tmp/weaverr/Data/imbalanced-data/gCSI/male_ml_data,/tmp/weaverr/Data/imbalanced-data/gCSI/male_ml_data,./out_model,global,200,128,1e-08,0.08727668142377855,run_01_004_0019,0.014075129531295532
/tmp/weaverr/Data/imbalanced-data/gCSI/male_ml_data,/tmp/weaverr/Data/imbalanced-data/gCSI/male_ml_data,./out_model,global,200,64,0.001,0.08629753337732418,run_01_004_0007,0.10846182401960786
/tmp/weaverr/Data/imbalanced-data/gCSI/male_ml_data,/tmp/weaverr/Data/imbalanced-data/gCSI/male_ml_data,./out_model,global,200,256,0.001,0.32823874654684354,run_01_004_0004,0.10846182401960786
/tmp/weaverr/Data/imbalanced-data/gCSI/male_ml_data,/tmp/weaverr/Data/imbalanced-data/gCSI/male_ml_data,./out_model,global,200,256,1e-08,0.21822254151129084,run_01_004_0008,0.01648701795008383
/tmp/weaverr/Data/imbalanced-data/gCSI/male_ml_data,/tmp/weaverr/Data/imbalanced-data/gCSI/male_ml_data,./out_model,global,200,128,1e-08,0.10842685377836833,run_01_004_0001,0.011842290298068912
/tmp/weaverr/Data/imbalanced-data/gCSI/male_ml_data,/tmp/weaverr/Data/imbalanced-data/gCSI/male_ml_data,./out_model,global,200,32,1e-08,0.12171193220622717,run_01_004_0017,0.014100863849521311
/tmp/weaverr/Data/imbalanced-data/gCSI/male_ml_data,/tmp/weaverr/Data/imbalanced-data/gCSI/male_ml_data,./out_model,global,200,128,1e-08,0.2838043203564884,run_01_004_0010,0.01913547380133594
/tmp/weaverr/Data/imbalanced-data/gCSI/male_ml_data,/tmp/weaverr/Data/imbalanced-data/gCSI/male_ml_data,./out_model,global,200,2048,1e-08,0.21807580076779964,run_01_004_0011,0.027399149627218504
/tmp/weaverr/Data/imbalanced-data/gCSI/male_ml_data,/tmp/weaverr/Data/imbalanced-data/gCSI/male_ml_data,./out_model,global,200,32,1e-08,0.09513126439074922,run_01_004_0003,0.013664233480112276
/tmp/weaverr/Data/imbalanced-data/gCSI/male_ml_data,/tmp/weaverr/Data/imbalanced-data/gCSI/male_ml_data,./out_model,global,200,512,0.001,0.43583767965593573,run_01_004_0021,0.10846182401960786
/tmp/weaverr/Data/imbalanced-data/gCSI/male_ml_data,/tmp/weaverr/Data/imbalanced-data/gCSI/male_ml_data,./out_model,global,200,32,8.130122125309504e-05,0.003575194261307932,run_01_004_0000,0.009621400051364712
/tmp/weaverr/Data/imbalanced-data/gCSI/male_ml_data,/tmp/weaverr/Data/imbalanced-data/gCSI/male_ml_data,./out_model,global,200,64,1e-08,0.04804049548635686,run_01_004_0014,0.011667745190595618
/tmp/weaverr/Data/imbalanced-data/gCSI/male_ml_data,/tmp/weaverr/Data/imbalanced-data/gCSI/male_ml_data,./out_model,global,200,128,1e-08,0.08629753337732418,run_01_004_0009,0.01272628130274111
/tmp/weaverr/Data/imbalanced-data/gCSI/male_ml_data,/tmp/weaverr/Data/imbalanced-data/gCSI/male_ml_data,./out_model,global,200,256,0.001,0.2657749904637309,run_01_004_0016,0.10846182401960786
/tmp/weaverr/Data/imbalanced-data/gCSI/male_ml_data,/tmp/weaverr/Data/imbalanced-data/gCSI/male_ml_data,./out_model,global,200,128,0.001,0.0029147757646164826,run_01_004_0022,0.10846182401960786
/tmp/weaverr/Data/imbalanced-data/gCSI/male_ml_data,/tmp/weaverr/Data/imbalanced-data/gCSI/male_ml_data,./out_model,global,200,128,0.001,0.24517360750264058,run_01_004_0005,0.10846182401960786
/tmp/weaverr/Data/imbalanced-data/gCSI/male_ml_data,/tmp/weaverr/Data/imbalanced-data/gCSI/male_ml_data,./out_model,global,200,16,1e-08,0.02835217100064752,run_01_004_0024,0.012560769471614901
/tmp/weaverr/Data/imbalanced-data/gCSI/male_ml_data,/tmp/weaverr/Data/imbalanced-data/gCSI/male_ml_data,./out_model,global,200,256,0.001,0.2908452219261801,run_01_004_0015,0.10846182401960786
/tmp/weaverr/Data/imbalanced-data/gCSI/male_ml_data,/tmp/weaverr/Data/imbalanced-data/gCSI/male_ml_data,./out_model,global,200,256,1e-08,0.08629753337732418,run_01_004_0006,0.01325158162549026
/tmp/weaverr/Data/imbalanced-data/gCSI/male_ml_data,/tmp/weaverr/Data/imbalanced-data/gCSI/male_ml_data,./out_model,global,200,128,1e-08,0.1845940829435272,run_01_004_0002,0.01299357214839408
/tmp/weaverr/Data/imbalanced-data/gCSI/male_ml_data,/tmp/weaverr/Data/imbalanced-data/gCSI/male_ml_data,./out_model,global,200,8,1e-08,0.0,run_01_004_0023,0.010610300749357595
/tmp/weaverr/Data/imbalanced-data/gCSI/male_ml_data,/tmp/weaverr/Data/imbalanced-data/gCSI/male_ml_data,./out_model,global,200,256,1e-08,0.31479569445286776,run_01_004_0012,0.020584830242456064
/tmp/weaverr/Data/imbalanced-data/gCSI/male_ml_data,/tmp/weaverr/Data/imbalanced-data/gCSI/male_ml_data,./out_model,global,200,128,1e-08,0.10611336310494733,run_01_005_0022,0.011783419686623803
/tmp/weaverr/Data/imbalanced-data/gCSI/male_ml_data,/tmp/weaverr/Data/imbalanced-data/gCSI/male_ml_data,./out_model,global,200,16,8.130122125309504e-05,0.01638764930002401,run_01_005_0018,0.00913977501840309
/tmp/weaverr/Data/imbalanced-data/gCSI/male_ml_data,/tmp/weaverr/Data/imbalanced-data/gCSI/male_ml_data,./out_model,global,200,128,0.001,0.09683495233072575,run_01_005_0007,0.10846182401960786
/tmp/weaverr/Data/imbalanced-data/gCSI/male_ml_data,/tmp/weaverr/Data/imbalanced-data/gCSI/male_ml_data,./out_model,global,200,64,1e-08,0.0104637138631768,run_01_005_0023,0.010296086120938207
/tmp/weaverr/Data/imbalanced-data/gCSI/male_ml_data,/tmp/weaverr/Data/imbalanced-data/gCSI/male_ml_data,./out_model,global,200,128,1e-08,0.11366913709584514,run_01_005_0008,0.01299226361168207
/tmp/weaverr/Data/imbalanced-data/gCSI/male_ml_data,/tmp/weaverr/Data/imbalanced-data/gCSI/male_ml_data,./out_model,global,200,128,1e-08,0.01638764930002401,run_01_005_0013,0.010404175639221459
/tmp/weaverr/Data/imbalanced-data/gCSI/male_ml_data,/tmp/weaverr/Data/imbalanced-data/gCSI/male_ml_data,./out_model,global,200,128,1e-08,0.10233213766573593,run_01_005_0001,0.011812345000831823
/tmp/weaverr/Data/imbalanced-data/gCSI/male_ml_data,/tmp/weaverr/Data/imbalanced-data/gCSI/male_ml_data,./out_model,global,200,512,1e-08,0.11358521264209015,run_01_005_0004,0.012515265057558443
/tmp/weaverr/Data/imbalanced-data/gCSI/male_ml_data,/tmp/weaverr/Data/imbalanced-data/gCSI/male_ml_data,./out_model,global,200,128,1e-08,0.04804049548635686,run_01_005_0010,0.011071408789166475
/tmp/weaverr/Data/imbalanced-data/gCSI/male_ml_data,/tmp/weaverr/Data/imbalanced-data/gCSI/male_ml_data,./out_model,global,200,16,1e-08,0.08629753337732418,run_01_005_0020,0.012794270015062564
/tmp/weaverr/Data/imbalanced-data/gCSI/male_ml_data,/tmp/weaverr/Data/imbalanced-data/gCSI/male_ml_data,./out_model,global,200,128,0.0004212786882411245,0.08629753337732418,run_01_005_0003,0.10846182401960786
/tmp/weaverr/Data/imbalanced-data/gCSI/male_ml_data,/tmp/weaverr/Data/imbalanced-data/gCSI/male_ml_data,./out_model,global,200,256,0.001,0.08629753337732418,run_01_005_0014,0.10846182401960786
/tmp/weaverr/Data/imbalanced-data/gCSI/male_ml_data,/tmp/weaverr/Data/imbalanced-data/gCSI/male_ml_data,./out_model,global,200,128,0.001,0.08629753337732418,run_01_005_0011,0.10846182401960786
/tmp/weaverr/Data/imbalanced-data/gCSI/male_ml_data,/tmp/weaverr/Data/imbalanced-data/gCSI/male_ml_data,./out_model,global,200,128,0.001,0.10528438384601405,run_01_005_0000,0.10846182401960786
/tmp/weaverr/Data/imbalanced-data/gCSI/male_ml_data,/tmp/weaverr/Data/imbalanced-data/gCSI/male_ml_data,./out_model,global,200,64,0.001,0.01638764930002401,run_01_005_0021,0.10846182401960786
/tmp/weaverr/Data/imbalanced-data/gCSI/male_ml_data,/tmp/weaverr/Data/imbalanced-data/gCSI/male_ml_data,./out_model,global,200,128,0.001,0.15689432864375752,run_01_005_0006,0.10846182401960786
/tmp/weaverr/Data/imbalanced-data/gCSI/male_ml_data,/tmp/weaverr/Data/imbalanced-data/gCSI/male_ml_data,./out_model,global,200,32,8.130122125309504e-05,0.003575194261307932,run_01_005_0009,0.008984594164164576
/tmp/weaverr/Data/imbalanced-data/gCSI/male_ml_data,/tmp/weaverr/Data/imbalanced-data/gCSI/male_ml_data,./out_model,global,200,128,1e-08,0.10035434825877043,run_01_005_0016,0.01266636653619385
/tmp/weaverr/Data/imbalanced-data/gCSI/male_ml_data,/tmp/weaverr/Data/imbalanced-data/gCSI/male_ml_data,./out_model,global,200,128,1e-08,0.09513126439074922,run_01_005_0002,0.013056509821262186
/tmp/weaverr/Data/imbalanced-data/gCSI/male_ml_data,/tmp/weaverr/Data/imbalanced-data/gCSI/male_ml_data,./out_model,global,200,256,1e-08,0.08629753337732418,run_01_005_0015,0.013653748607025062
/tmp/weaverr/Data/imbalanced-data/gCSI/male_ml_data,/tmp/weaverr/Data/imbalanced-data/gCSI/male_ml_data,./out_model,global,200,128,1e-08,0.08629753337732418,run_01_005_0012,0.012932798655697197
/tmp/weaverr/Data/imbalanced-data/gCSI/male_ml_data,/tmp/weaverr/Data/imbalanced-data/gCSI/male_ml_data,./out_model,global,200,16,1e-08,0.040179772599200976,run_01_005_0024,0.011245888241744328
/tmp/weaverr/Data/imbalanced-data/gCSI/male_ml_data,/tmp/weaverr/Data/imbalanced-data/gCSI/male_ml_data,./out_model,global,200,8,1e-08,0.0,run_01_005_0017,0.010923860297901931
/tmp/weaverr/Data/imbalanced-data/gCSI/male_ml_data,/tmp/weaverr/Data/imbalanced-data/gCSI/male_ml_data,./out_model,global,200,16,1e-08,0.04320374097131282,run_01_005_0019,0.011600381460292419
/tmp/weaverr/Data/imbalanced-data/gCSI/male_ml_data,/tmp/weaverr/Data/imbalanced-data/gCSI/male_ml_data,./out_model,global,200,8,1e-08,0.18359577043221187,run_01_005_0005,0.013522699553122696
/tmp/weaverr/Data/imbalanced-data/gCSI/male_ml_data,/tmp/weaverr/Data/imbalanced-data/gCSI/male_ml_data,./out_model,global,200,32,0.001,0.01638764930002401,run_01_006_0018,0.10846182401960786
/tmp/weaverr/Data/imbalanced-data/gCSI/male_ml_data,/tmp/weaverr/Data/imbalanced-data/gCSI/male_ml_data,./out_model,global,200,16,0.001,0.01638764930002401,run_01_006_0000,0.017835641334470305
/tmp/weaverr/Data/imbalanced-data/gCSI/male_ml_data,/tmp/weaverr/Data/imbalanced-data/gCSI/male_ml_data,./out_model,global,200,16,8.130122125309504e-05,0.035076903152714896,run_01_006_0023,0.009741494312527289
/tmp/weaverr/Data/imbalanced-data/gCSI/male_ml_data,/tmp/weaverr/Data/imbalanced-data/gCSI/male_ml_data,./out_model,global,200,16,0.001,0.003575194261307932,run_01_006_0013,0.021289652719026
/tmp/weaverr/Data/imbalanced-data/gCSI/male_ml_data,/tmp/weaverr/Data/imbalanced-data/gCSI/male_ml_data,./out_model,global,200,8,0.001,0.06546549697236041,run_01_006_0004,0.022671177868202618
/tmp/weaverr/Data/imbalanced-data/gCSI/male_ml_data,/tmp/weaverr/Data/imbalanced-data/gCSI/male_ml_data,./out_model,global,200,32,1e-08,0.003575194261307932,run_01_006_0020,0.010474345617369039
/tmp/weaverr/Data/imbalanced-data/gCSI/male_ml_data,/tmp/weaverr/Data/imbalanced-data/gCSI/male_ml_data,./out_model,global,200,8,0.0006573868269891832,0.0027950838808371986,run_01_006_0008,0.01381814855026641
/tmp/weaverr/Data/imbalanced-data/gCSI/male_ml_data,/tmp/weaverr/Data/imbalanced-data/gCSI/male_ml_data,./out_model,global,200,32,0.001,0.03827823018107041,run_01_006_0017,0.02541844509117676
/tmp/weaverr/Data/imbalanced-data/gCSI/male_ml_data,/tmp/weaverr/Data/imbalanced-data/gCSI/male_ml_data,./out_model,global,200,128,1e-08,0.0789809958038593,run_01_006_0010,0.013182167126857318
/tmp/weaverr/Data/imbalanced-data/gCSI/male_ml_data,/tmp/weaverr/Data/imbalanced-data/gCSI/male_ml_data,./out_model,global,200,16,1e-08,0.0,run_01_006_0019,0.010533939084502448
/tmp/weaverr/Data/imbalanced-data/gCSI/male_ml_data,/tmp/weaverr/Data/imbalanced-data/gCSI/male_ml_data,./out_model,global,200,8,0.001,0.0437191187553501,run_01_006_0024,0.019438813097085148
/tmp/weaverr/Data/imbalanced-data/gCSI/male_ml_data,/tmp/weaverr/Data/imbalanced-data/gCSI/male_ml_data,./out_model,global,200,32,1e-08,0.0,run_01_006_0001,0.010162579096253491
/tmp/weaverr/Data/imbalanced-data/gCSI/male_ml_data,/tmp/weaverr/Data/imbalanced-data/gCSI/male_ml_data,./out_model,global,200,128,1e-08,0.01638764930002401,run_01_006_0011,0.01098758923356475
/tmp/weaverr/Data/imbalanced-data/gCSI/male_ml_data,/tmp/weaverr/Data/imbalanced-data/gCSI/male_ml_data,./out_model,global,200,128,1e-08,0.0,run_01_006_0014,0.010368491683070519
/tmp/weaverr/Data/imbalanced-data/gCSI/male_ml_data,/tmp/weaverr/Data/imbalanced-data/gCSI/male_ml_data,./out_model,global,200,8,1e-08,0.0573690884835064,run_01_006_0007,0.012272994135267199
/tmp/weaverr/Data/imbalanced-data/gCSI/male_ml_data,/tmp/weaverr/Data/imbalanced-data/gCSI/male_ml_data,./out_model,global,200,16,1e-08,0.0,run_01_006_0003,0.010559134634924017
/tmp/weaverr/Data/imbalanced-data/gCSI/male_ml_data,/tmp/weaverr/Data/imbalanced-data/gCSI/male_ml_data,./out_model,global,200,32,1e-08,0.029156793388827533,run_01_006_0009,0.011443962751443104
/tmp/weaverr/Data/imbalanced-data/gCSI/male_ml_data,/tmp/weaverr/Data/imbalanced-data/gCSI/male_ml_data,./out_model,global,200,16,8.130122125309504e-05,0.016173056969022156,run_01_006_0016,0.009903764076658852
/tmp/weaverr/Data/imbalanced-data/gCSI/male_ml_data,/tmp/weaverr/Data/imbalanced-data/gCSI/male_ml_data,./out_model,global,200,16,8.130122125309504e-05,0.01638764930002401,run_01_006_0002,0.009308265170127538
/tmp/weaverr/Data/imbalanced-data/gCSI/male_ml_data,/tmp/weaverr/Data/imbalanced-data/gCSI/male_ml_data,./out_model,global,200,16,1e-08,0.0,run_01_006_0022,0.010361406774919112
/tmp/weaverr/Data/imbalanced-data/gCSI/male_ml_data,/tmp/weaverr/Data/imbalanced-data/gCSI/male_ml_data,./out_model,global,200,32,1e-08,0.014108548361349872,run_01_006_0005,0.010825995434462908
/tmp/weaverr/Data/imbalanced-data/gCSI/male_ml_data,/tmp/weaverr/Data/imbalanced-data/gCSI/male_ml_data,./out_model,global,200,8,1e-08,0.01638764930002401,run_01_006_0021,0.01185094041775553
/tmp/weaverr/Data/imbalanced-data/gCSI/male_ml_data,/tmp/weaverr/Data/imbalanced-data/gCSI/male_ml_data,./out_model,global,200,64,1e-08,0.07371367825472128,run_01_006_0012,0.012072311088807524
/tmp/weaverr/Data/imbalanced-data/gCSI/male_ml_data,/tmp/weaverr/Data/imbalanced-data/gCSI/male_ml_data,./out_model,global,200,8,1e-08,0.05794376439676807,run_01_006_0006,0.012111214464289744
/tmp/weaverr/Data/imbalanced-data/gCSI/male_ml_data,/tmp/weaverr/Data/imbalanced-data/gCSI/male_ml_data,./out_model,global,200,16,1e-08,0.0,run_01_006_0015,0.010607131596231415
/tmp/weaverr/Data/imbalanced-data/gCSI/male_ml_data,/tmp/weaverr/Data/imbalanced-data/gCSI/male_ml_data,./out_model,global,200,16,0.001,0.01638764930002401,run_01_007_0020,0.017122072452207735
/tmp/weaverr/Data/imbalanced-data/gCSI/male_ml_data,/tmp/weaverr/Data/imbalanced-data/gCSI/male_ml_data,./out_model,global,200,16,0.001,0.015723286004352015,run_01_007_0023,0.016335335004329182
/tmp/weaverr/Data/imbalanced-data/gCSI/male_ml_data,/tmp/weaverr/Data/imbalanced-data/gCSI/male_ml_data,./out_model,global,200,16,8.130122125309504e-05,0.028363572330209294,run_01_007_0019,0.008398493105973808
/tmp/weaverr/Data/imbalanced-data/gCSI/male_ml_data,/tmp/weaverr/Data/imbalanced-data/gCSI/male_ml_data,./out_model,global,200,16,8.130122125309504e-05,0.003575194261307932,run_01_007_0018,0.009343254154548347
/tmp/weaverr/Data/imbalanced-data/gCSI/male_ml_data,/tmp/weaverr/Data/imbalanced-data/gCSI/male_ml_data,./out_model,global,200,16,0.001,0.018007839924721252,run_01_007_0007,0.014885203567314369
/tmp/weaverr/Data/imbalanced-data/gCSI/male_ml_data,/tmp/weaverr/Data/imbalanced-data/gCSI/male_ml_data,./out_model,global,200,16,0.001,0.025611666341615637,run_01_007_0004,0.020666399679655785
/tmp/weaverr/Data/imbalanced-data/gCSI/male_ml_data,/tmp/weaverr/Data/imbalanced-data/gCSI/male_ml_data,./out_model,global,200,32,0.001,0.01580968074862526,run_01_007_0010,0.015981499467060116
/tmp/weaverr/Data/imbalanced-data/gCSI/male_ml_data,/tmp/weaverr/Data/imbalanced-data/gCSI/male_ml_data,./out_model,global,200,16,8.130122125309504e-05,0.04925195042761813,run_01_007_0001,0.008525370381055237
/tmp/weaverr/Data/imbalanced-data/gCSI/male_ml_data,/tmp/weaverr/Data/imbalanced-data/gCSI/male_ml_data,./out_model,global,200,16,8.130122125309504e-05,0.01638764930002401,run_01_007_0024,0.009477821811740662
/tmp/weaverr/Data/imbalanced-data/gCSI/male_ml_data,/tmp/weaverr/Data/imbalanced-data/gCSI/male_ml_data,./out_model,global,200,64,8.130122125309504e-05,0.053367050077227904,run_01_007_0014,0.019172824350043447
/tmp/weaverr/Data/imbalanced-data/gCSI/male_ml_data,/tmp/weaverr/Data/imbalanced-data/gCSI/male_ml_data,./out_model,global,200,16,1e-08,0.02262647820722405,run_01_007_0008,0.011286179356713397
/tmp/weaverr/Data/imbalanced-data/gCSI/male_ml_data,/tmp/weaverr/Data/imbalanced-data/gCSI/male_ml_data,./out_model,global,200,16,1e-08,0.006683797787637493,run_01_007_0013,0.01060134321737433
/tmp/weaverr/Data/imbalanced-data/gCSI/male_ml_data,/tmp/weaverr/Data/imbalanced-data/gCSI/male_ml_data,./out_model,global,200,32,0.001,0.038806627788413206,run_01_007_0000,0.02988142765491867
/tmp/weaverr/Data/imbalanced-data/gCSI/male_ml_data,/tmp/weaverr/Data/imbalanced-data/gCSI/male_ml_data,./out_model,global,200,16,8.130122125309504e-05,0.01638764930002401,run_01_007_0021,0.008934139072616733
/tmp/weaverr/Data/imbalanced-data/gCSI/male_ml_data,/tmp/weaverr/Data/imbalanced-data/gCSI/male_ml_data,./out_model,global,200,16,8.130122125309504e-05,0.0,run_01_007_0011,0.009896261120555559
/tmp/weaverr/Data/imbalanced-data/gCSI/male_ml_data,/tmp/weaverr/Data/imbalanced-data/gCSI/male_ml_data,./out_model,global,200,16,1e-08,0.003960727411995588,run_01_007_0017,0.010784857901814307
/tmp/weaverr/Data/imbalanced-data/gCSI/male_ml_data,/tmp/weaverr/Data/imbalanced-data/gCSI/male_ml_data,./out_model,global,200,32,1e-08,0.01638764930002401,run_01_007_0022,0.011886289187317272
/tmp/weaverr/Data/imbalanced-data/gCSI/male_ml_data,/tmp/weaverr/Data/imbalanced-data/gCSI/male_ml_data,./out_model,global,200,16,0.001,0.07501784930662733,run_01_007_0006,0.017539640795697184
/tmp/weaverr/Data/imbalanced-data/gCSI/male_ml_data,/tmp/weaverr/Data/imbalanced-data/gCSI/male_ml_data,./out_model,global,200,8,8.130122125309504e-05,0.026378892978832814,run_01_007_0009,0.00947459055711912
/tmp/weaverr/Data/imbalanced-data/gCSI/male_ml_data,/tmp/weaverr/Data/imbalanced-data/gCSI/male_ml_data,./out_model,global,200,32,1e-08,0.0,run_01_007_0016,0.010439001683267009
/tmp/weaverr/Data/imbalanced-data/gCSI/male_ml_data,/tmp/weaverr/Data/imbalanced-data/gCSI/male_ml_data,./out_model,global,200,32,0.001,0.024656886235157428,run_01_007_0015,0.10846182401960786
/tmp/weaverr/Data/imbalanced-data/gCSI/male_ml_data,/tmp/weaverr/Data/imbalanced-data/gCSI/male_ml_data,./out_model,global,200,16,8.130122125309504e-05,0.01638764930002401,run_01_007_0002,0.00929318960784278
/tmp/weaverr/Data/imbalanced-data/gCSI/male_ml_data,/tmp/weaverr/Data/imbalanced-data/gCSI/male_ml_data,./out_model,global,200,16,1e-08,0.01638764930002401,run_01_007_0005,0.011434976404098952
/tmp/weaverr/Data/imbalanced-data/gCSI/male_ml_data,/tmp/weaverr/Data/imbalanced-data/gCSI/male_ml_data,./out_model,global,200,8,1e-08,0.01638764930002401,run_01_007_0003,0.011545137047986822
/tmp/weaverr/Data/imbalanced-data/gCSI/male_ml_data,/tmp/weaverr/Data/imbalanced-data/gCSI/male_ml_data,./out_model,global,200,16,1e-08,0.0,run_01_007_0012,0.01059748533035494
/tmp/weaverr/Data/imbalanced-data/gCSI/male_ml_data,/tmp/weaverr/Data/imbalanced-data/gCSI/male_ml_data,./out_model,global,200,16,0.001,0.055006425740730905,run_01_008_0007,0.017089436313646234
/tmp/weaverr/Data/imbalanced-data/gCSI/male_ml_data,/tmp/weaverr/Data/imbalanced-data/gCSI/male_ml_data,./out_model,global,200,32,8.130122125309504e-05,0.003575194261307932,run_01_008_0023,0.009834058778026266
/tmp/weaverr/Data/imbalanced-data/gCSI/male_ml_data,/tmp/weaverr/Data/imbalanced-data/gCSI/male_ml_data,./out_model,global,200,16,8.130122125309504e-05,0.04925195042761813,run_01_008_0020,0.009072201965249797
/tmp/weaverr/Data/imbalanced-data/gCSI/male_ml_data,/tmp/weaverr/Data/imbalanced-data/gCSI/male_ml_data,./out_model,global,200,8,0.001,0.0,run_01_008_0004,0.017090142712941056
/tmp/weaverr/Data/imbalanced-data/gCSI/male_ml_data,/tmp/weaverr/Data/imbalanced-data/gCSI/male_ml_data,./out_model,global,200,16,8.130122125309504e-05,0.003575194261307932,run_01_008_0008,0.008878078866638484
/tmp/weaverr/Data/imbalanced-data/gCSI/male_ml_data,/tmp/weaverr/Data/imbalanced-data/gCSI/male_ml_data,./out_model,global,200,16,1e-08,0.019033926071523568,run_01_008_0018,0.011612535454754274
/tmp/weaverr/Data/imbalanced-data/gCSI/male_ml_data,/tmp/weaverr/Data/imbalanced-data/gCSI/male_ml_data,./out_model,global,200,16,8.130122125309504e-05,0.01638764930002401,run_01_008_0010,0.009148817970420067
/tmp/weaverr/Data/imbalanced-data/gCSI/male_ml_data,/tmp/weaverr/Data/imbalanced-data/gCSI/male_ml_data,./out_model,global,200,16,0.001,0.0005433018883843135,run_01_008_0017,0.015099175452898605
/tmp/weaverr/Data/imbalanced-data/gCSI/male_ml_data,/tmp/weaverr/Data/imbalanced-data/gCSI/male_ml_data,./out_model,global,200,16,8.130122125309504e-05,0.01638764930002401,run_01_008_0024,0.009677531042828343
/tmp/weaverr/Data/imbalanced-data/gCSI/male_ml_data,/tmp/weaverr/Data/imbalanced-data/gCSI/male_ml_data,./out_model,global,200,16,8.130122125309504e-05,0.028363572330209294,run_01_008_0003,0.00913684683351843
/tmp/weaverr/Data/imbalanced-data/gCSI/male_ml_data,/tmp/weaverr/Data/imbalanced-data/gCSI/male_ml_data,./out_model,global,200,16,8.130122125309504e-05,0.01758688530293193,run_01_008_0014,0.00903572065974824
/tmp/weaverr/Data/imbalanced-data/gCSI/male_ml_data,/tmp/weaverr/Data/imbalanced-data/gCSI/male_ml_data,./out_model,global,200,32,8.130122125309504e-05,0.003575194261307932,run_01_008_0021,0.0090092382313847
/tmp/weaverr/Data/imbalanced-data/gCSI/male_ml_data,/tmp/weaverr/Data/imbalanced-data/gCSI/male_ml_data,./out_model,global,200,16,8.130122125309504e-05,0.003575194261307932,run_01_008_0011,0.009412344319674481
/tmp/weaverr/Data/imbalanced-data/gCSI/male_ml_data,/tmp/weaverr/Data/imbalanced-data/gCSI/male_ml_data,./out_model,global,200,32,0.001,0.01638764930002401,run_01_008_0009,0.10846182401960786
/tmp/weaverr/Data/imbalanced-data/gCSI/male_ml_data,/tmp/weaverr/Data/imbalanced-data/gCSI/male_ml_data,./out_model,global,200,16,0.001,0.01927795733223134,run_01_008_0016,0.01598179517636886
/tmp/weaverr/Data/imbalanced-data/gCSI/male_ml_data,/tmp/weaverr/Data/imbalanced-data/gCSI/male_ml_data,./out_model,global,200,8,1e-08,0.053889204424251394,run_01_008_0013,0.012015907275395117
/tmp/weaverr/Data/imbalanced-data/gCSI/male_ml_data,/tmp/weaverr/Data/imbalanced-data/gCSI/male_ml_data,./out_model,global,200,16,8.130122125309504e-05,0.003575194261307932,run_01_008_0002,0.00896392440602137
/tmp/weaverr/Data/imbalanced-data/gCSI/male_ml_data,/tmp/weaverr/Data/imbalanced-data/gCSI/male_ml_data,./out_model,global,200,16,0.001,0.0,run_01_008_0005,0.016443150377740627
/tmp/weaverr/Data/imbalanced-data/gCSI/male_ml_data,/tmp/weaverr/Data/imbalanced-data/gCSI/male_ml_data,./out_model,global,200,16,1e-08,0.0,run_01_008_0022,0.010500629850889101
/tmp/weaverr/Data/imbalanced-data/gCSI/male_ml_data,/tmp/weaverr/Data/imbalanced-data/gCSI/male_ml_data,./out_model,global,200,16,0.001,0.04207628023455158,run_01_008_0012,0.016607920247604113
/tmp/weaverr/Data/imbalanced-data/gCSI/male_ml_data,/tmp/weaverr/Data/imbalanced-data/gCSI/male_ml_data,./out_model,global,200,16,1e-08,0.0,run_01_008_0000,0.010467089230974008
/tmp/weaverr/Data/imbalanced-data/gCSI/male_ml_data,/tmp/weaverr/Data/imbalanced-data/gCSI/male_ml_data,./out_model,global,200,64,1e-08,0.04046521557394445,run_01_008_0015,0.011559030515249195
/tmp/weaverr/Data/imbalanced-data/gCSI/male_ml_data,/tmp/weaverr/Data/imbalanced-data/gCSI/male_ml_data,./out_model,global,200,8,1e-08,0.0,run_01_008_0001,0.010649112453122079
/tmp/weaverr/Data/imbalanced-data/gCSI/male_ml_data,/tmp/weaverr/Data/imbalanced-data/gCSI/male_ml_data,./out_model,global,200,16,1e-08,0.0,run_01_008_0006,0.010540488545224243
/tmp/weaverr/Data/imbalanced-data/gCSI/male_ml_data,/tmp/weaverr/Data/imbalanced-data/gCSI/male_ml_data,./out_model,global,200,8,8.130122125309504e-05,0.0,run_01_008_0019,0.00818725448547211
/tmp/weaverr/Data/imbalanced-data/gCSI/male_ml_data,/tmp/weaverr/Data/imbalanced-data/gCSI/male_ml_data,./out_model,global,200,16,8.130122125309504e-05,0.003575194261307932,run_01_009_0020,0.009677262361175316
/tmp/weaverr/Data/imbalanced-data/gCSI/male_ml_data,/tmp/weaverr/Data/imbalanced-data/gCSI/male_ml_data,./out_model,global,200,16,8.130122125309504e-05,0.01638764930002401,run_01_009_0019,0.008510408228597185
/tmp/weaverr/Data/imbalanced-data/gCSI/male_ml_data,/tmp/weaverr/Data/imbalanced-data/gCSI/male_ml_data,./out_model,global,200,16,8.130122125309504e-05,0.04925195042761813,run_01_009_0018,0.008606112971980787
/tmp/weaverr/Data/imbalanced-data/gCSI/male_ml_data,/tmp/weaverr/Data/imbalanced-data/gCSI/male_ml_data,./out_model,global,200,32,1e-08,0.02842296485584561,run_01_009_0023,0.010820595513121613
/tmp/weaverr/Data/imbalanced-data/gCSI/male_ml_data,/tmp/weaverr/Data/imbalanced-data/gCSI/male_ml_data,./out_model,global,200,8,0.001,0.01638764930002401,run_01_009_0013,0.01712506422172219
/tmp/weaverr/Data/imbalanced-data/gCSI/male_ml_data,/tmp/weaverr/Data/imbalanced-data/gCSI/male_ml_data,./out_model,global,200,8,0.001,0.011672395198363838,run_01_009_0007,0.020857213756481613
/tmp/weaverr/Data/imbalanced-data/gCSI/male_ml_data,/tmp/weaverr/Data/imbalanced-data/gCSI/male_ml_data,./out_model,global,200,8,8.130122125309504e-05,0.022630451332063435,run_01_009_0008,0.009092230952138828
/tmp/weaverr/Data/imbalanced-data/gCSI/male_ml_data,/tmp/weaverr/Data/imbalanced-data/gCSI/male_ml_data,./out_model,global,200,16,1e-08,0.06412238426867153,run_01_009_0014,0.011507461153280378
/tmp/weaverr/Data/imbalanced-data/gCSI/male_ml_data,/tmp/weaverr/Data/imbalanced-data/gCSI/male_ml_data,./out_model,global,200,16,8.130122125309504e-05,0.04925195042761813,run_01_009_0010,0.00947633821297446
/tmp/weaverr/Data/imbalanced-data/gCSI/male_ml_data,/tmp/weaverr/Data/imbalanced-data/gCSI/male_ml_data,./out_model,global,200,8,8.130122125309504e-05,0.05200580543187524,run_01_009_0004,0.008260898340743632
/tmp/weaverr/Data/imbalanced-data/gCSI/male_ml_data,/tmp/weaverr/Data/imbalanced-data/gCSI/male_ml_data,./out_model,global,200,8,8.130122125309504e-05,0.025814011559766065,run_01_009_0001,0.00869787163475187
/tmp/weaverr/Data/imbalanced-data/gCSI/male_ml_data,/tmp/weaverr/Data/imbalanced-data/gCSI/male_ml_data,./out_model,global,200,16,8.130122125309504e-05,0.01638764930002401,run_01_009_0024,0.008709027712203898
/tmp/weaverr/Data/imbalanced-data/gCSI/male_ml_data,/tmp/weaverr/Data/imbalanced-data/gCSI/male_ml_data,./out_model,global,200,64,1e-08,0.0,run_01_009_0017,0.010578883570026024
/tmp/weaverr/Data/imbalanced-data/gCSI/male_ml_data,/tmp/weaverr/Data/imbalanced-data/gCSI/male_ml_data,./out_model,global,200,16,8.130122125309504e-05,0.052760984887468956,run_01_009_0021,0.008815070330468237
/tmp/weaverr/Data/imbalanced-data/gCSI/male_ml_data,/tmp/weaverr/Data/imbalanced-data/gCSI/male_ml_data,./out_model,global,200,8,8.130122125309504e-05,0.010604168573736257,run_01_009_0011,0.008501060463600997
/tmp/weaverr/Data/imbalanced-data/gCSI/male_ml_data,/tmp/weaverr/Data/imbalanced-data/gCSI/male_ml_data,./out_model,global,200,16,8.130122125309504e-05,0.04925195042761813,run_01_009_0009,0.00907919908794745
/tmp/weaverr/Data/imbalanced-data/gCSI/male_ml_data,/tmp/weaverr/Data/imbalanced-data/gCSI/male_ml_data,./out_model,global,200,16,0.001,0.03398432249714751,run_01_009_0006,0.014575641054032843
/tmp/weaverr/Data/imbalanced-data/gCSI/male_ml_data,/tmp/weaverr/Data/imbalanced-data/gCSI/male_ml_data,./out_model,global,200,16,1e-08,0.008670999837800895,run_01_009_0003,0.010330652208874667
/tmp/weaverr/Data/imbalanced-data/gCSI/male_ml_data,/tmp/weaverr/Data/imbalanced-data/gCSI/male_ml_data,./out_model,global,200,32,1e-08,0.05202913014512925,run_01_009_0000,0.011055645179057445
/tmp/weaverr/Data/imbalanced-data/gCSI/male_ml_data,/tmp/weaverr/Data/imbalanced-data/gCSI/male_ml_data,./out_model,global,200,32,1e-08,0.04218430649903019,run_01_009_0022,0.011266772537277406
/tmp/weaverr/Data/imbalanced-data/gCSI/male_ml_data,/tmp/weaverr/Data/imbalanced-data/gCSI/male_ml_data,./out_model,global,200,32,0.001,0.02223316748677923,run_01_009_0002,0.013256423889838777
/tmp/weaverr/Data/imbalanced-data/gCSI/male_ml_data,/tmp/weaverr/Data/imbalanced-data/gCSI/male_ml_data,./out_model,global,200,16,1e-08,0.03432659317418499,run_01_009_0016,0.011197289943035833
/tmp/weaverr/Data/imbalanced-data/gCSI/male_ml_data,/tmp/weaverr/Data/imbalanced-data/gCSI/male_ml_data,./out_model,global,200,16,1e-08,0.031231901465249318,run_01_009_0005,0.011339924142642755
/tmp/weaverr/Data/imbalanced-data/gCSI/male_ml_data,/tmp/weaverr/Data/imbalanced-data/gCSI/male_ml_data,./out_model,global,200,16,1e-08,0.06009260326548625,run_01_009_0015,0.011196578604108243
/tmp/weaverr/Data/imbalanced-data/gCSI/male_ml_data,/tmp/weaverr/Data/imbalanced-data/gCSI/male_ml_data,./out_model,global,200,8,1e-08,0.0,run_01_009_0012,0.010899832161746545
